loan_amount,term,interest_rate,income,credit_score,num_of_loans,total_debt,total_credit_limit,defaulted
16795,48,19.7,20155,726,3,43628,24187,0
1860,24,14.5,87494,338,4,46216,16957,0
39158,48,8.9,96229,486,1,6297,9379,0
45732,48,14.5,58547,392,5,27856,32959,0
12284,48,13.1,48795,385,4,49423,21482,1
7265,48,16.7,75296,343,2,8334,32105,0
17850,60,6.6,41447,436,2,24162,5877,0
38194,24,16.4,56598,720,2,6008,53353,1
22962,60,13.1,61814,373,4,7987,23252,0
48191,60,19.4,110751,847,4,30966,36334,0
45131,48,10.1,95330,811,4,3332,24049,0
17023,36,14.5,118745,455,1,787,22772,1
42090,36,19.0,107960,554,1,38990,56567,1
2685,60,6.5,83278,470,2,9873,7637,0
1769,60,19.1,75077,469,3,17006,12242,0
3433,48,15.3,91906,621,2,20225,47025,0
6311,60,6.0,29528,755,5,36444,46381,1
38819,48,9.5,113812,454,1,35340,40651,1
40188,36,15.6,70100,648,4,39683,38972,0
18568,36,6.0,28179,750,1,5033,21928,0
20769,24,13.7,68781,472,4,7788,33742,0
29693,36,10.2,75267,309,5,15689,16831,0
7396,60,14.3,102379,564,5,44220,53232,0
28480,36,5.7,43952,737,1,21598,55375,0
42434,48,18.1,73798,546,4,37480,24556,0
26658,36,19.6,118696,845,5,29703,30343,0
19942,24,19.5,70939,798,2,66,27834,1
19431,36,16.2,49516,428,2,48623,51762,0
3747,48,7.0,76526,626,4,45246,44288,0
1189,48,16.4,30449,703,1,7533,38422,0
20118,60,5.4,70290,658,5,15103,28205,1
36773,36,5.3,106661,316,1,4616,23830,0
2899,48,9.9,92954,573,2,46045,13412,0
2267,24,12.3,42746,415,5,38498,8666,0
32551,60,16.6,87990,390,1,43492,42045,0
12394,24,15.2,78810,381,3,11772,25786,0
4556,36,11.7,103297,623,4,23849,56721,0
4890,36,9.1,35223,413,4,49036,10515,1
42606,36,20.0,92237,357,3,12940,46973,0
31740,60,11.4,22597,453,2,16932,31627,0
15502,48,11.8,85677,703,5,29769,20198,0
22777,60,7.5,22659,565,4,24648,8985,0
11627,24,16.9,106516,614,3,47411,50903,0
9792,60,15.4,94567,340,3,32966,45935,0
44323,24,8.3,35037,404,2,27777,34475,0
44021,60,6.2,66738,492,2,32567,45216,0
9433,48,15.2,91678,700,1,49723,58462,0
44001,24,14.8,32109,577,4,17174,24403,0
12016,36,9.1,42010,653,1,42598,8681,0
24897,36,19.3,28787,555,3,13798,31019,1
3612,60,7.3,28472,398,5,17558,58348,0
24483,36,11.5,43383,581,5,44237,32586,0
49555,24,19.2,81709,702,2,178,54724,0
18159,36,11.3,89785,408,5,20470,47292,0
45974,48,14.6,54518,498,5,17118,42521,0
41994,48,11.0,73909,602,5,22616,44850,1
15541,60,9.1,38351,626,3,798,41770,0
36920,24,19.8,89624,453,5,7601,10629,0
27531,48,11.1,73330,704,5,25363,32710,0
2585,48,18.4,35282,761,5,2795,35328,0
4943,24,8.4,104866,431,1,31926,17278,0
24939,36,8.2,41778,383,3,45264,13417,0
20457,36,5.5,44264,698,2,37356,58352,0
2021,60,14.8,79675,408,1,7297,39765,1
12653,36,10.5,25075,520,4,3084,13963,0
44573,24,18.0,95948,667,3,30329,53552,0
14417,48,12.1,68454,446,3,11110,42292,0
41757,36,19.5,48365,411,4,731,30009,0
10692,60,7.8,92766,793,4,1129,32675,0
46758,36,18.0,68200,804,4,28022,41175,0
7873,24,16.6,31002,774,2,1605,11731,1
6675,60,16.6,33947,570,5,11970,45563,1
1161,36,17.7,99222,720,3,43705,16332,1
38065,60,16.4,114840,666,5,44130,24177,0
27557,24,14.4,98610,579,5,29265,28718,0
34763,48,7.0,72142,582,4,32330,7911,0
33606,24,5.5,76307,339,2,2933,23799,0
12534,24,18.8,24493,488,1,15187,54402,0
30127,24,14.2,70085,463,2,25791,20194,0
41397,24,16.9,54228,835,5,24900,9951,0
26851,48,12.2,99676,835,2,5074,45866,0
2016,48,6.8,71875,303,4,46805,33333,0
25253,60,6.9,51655,589,1,26426,26673,0
25276,36,15.3,63472,732,4,39867,53885,0
24247,48,11.5,69437,770,1,893,45870,0
25300,48,8.0,69416,480,5,34158,10565,0
9529,36,12.4,79711,547,1,19773,27821,0
18262,48,6.0,26816,578,1,4239,30494,0
10268,24,13.7,97175,553,1,20863,38941,0
22271,24,9.0,84307,480,2,3432,13624,0
13185,36,17.0,66733,808,2,35139,52162,0
22243,60,9.7,115028,625,5,1515,51024,0
40099,60,11.8,31240,656,1,31670,5835,0
9571,36,5.2,118234,690,3,48674,23646,0
40976,36,6.1,112493,384,5,39094,16824,0
39044,24,10.9,118344,616,1,14605,42335,1
49984,60,12.2,91363,511,1,5586,8815,0
41774,48,14.0,52762,814,2,35685,54398,0
3568,24,9.4,28259,683,5,48669,7429,0
3027,36,15.4,70139,641,1,31186,46950,0
3695,60,17.9,34849,337,1,26928,46886,0
49190,48,16.7,101768,810,5,32728,49398,0
6258,48,5.6,109709,719,3,17551,59439,1
23002,24,12.2,74869,468,5,21493,7607,0
40504,60,6.6,83095,642,5,20711,30650,0
34159,60,8.6,90910,605,3,20039,43698,0
14986,36,19.8,106710,841,5,36561,37353,1
13666,60,7.1,43567,836,1,9947,41790,0
39660,60,12.5,55292,411,5,32335,16991,0
4561,24,14.3,94813,710,3,15859,26168,0
27854,60,15.5,117136,505,4,23122,36099,0
39952,48,13.4,71631,484,5,1577,44385,0
23662,24,5.1,29885,681,2,42256,40919,0
9392,24,9.9,79659,795,1,28350,36416,0
31535,36,12.8,74306,678,1,41932,10580,0
14067,60,6.3,86314,346,2,33798,12054,1
49033,36,10.3,85087,827,2,31898,29090,0
24599,48,5.5,49165,803,5,15881,45387,1
36222,24,6.2,78929,321,2,10785,20823,0
12837,24,11.0,87028,512,4,6691,51015,0
15039,24,7.0,115998,609,3,17297,42341,0
31818,48,13.5,69812,571,2,6358,20339,0
20115,48,15.3,70500,501,2,19581,8491,0
11965,36,17.0,99151,331,4,1462,5706,0
25538,36,8.0,78643,742,1,15511,36957,0
43530,36,7.5,64900,461,1,10570,20728,0
6056,60,6.6,62946,553,5,48665,11997,0
33482,24,14.5,27851,820,4,44414,43001,0
48716,24,15.6,36288,779,3,15474,43523,0
9110,36,5.5,92692,309,3,7037,30163,0
14773,24,19.0,87580,804,4,28129,22718,1
28266,36,5.8,27368,735,3,42267,26972,0
18412,60,13.1,105436,410,1,13386,23231,0
34270,60,15.6,116136,452,3,6221,44619,0
7910,48,18.1,66403,401,3,23474,17126,0
46453,60,15.7,111170,490,4,40537,28595,1
26446,36,17.0,29168,380,4,49839,45633,0
1206,60,10.1,106497,788,3,47124,17118,0
22518,48,17.2,69879,387,2,21045,8317,0
23361,24,6.2,79871,493,4,25783,49980,0
24419,36,18.4,109388,403,5,40157,49115,1
49702,24,13.2,118646,395,5,4922,48158,0
42523,48,17.3,52174,722,1,46407,52631,0
46151,48,11.8,119751,497,3,22706,54316,0
23403,48,14.7,112491,300,2,42771,44828,0
19141,24,12.9,26581,706,1,32479,20504,0
15820,24,16.0,91853,677,3,5178,8057,0
41342,24,6.2,84046,466,4,30022,31660,0
7374,24,5.9,69678,808,5,15240,42196,1
2678,48,8.7,46649,612,2,26220,5402,0
34827,48,7.4,108668,717,5,36736,13605,0
17198,36,18.1,102325,776,4,2716,20761,0
10914,36,8.3,34567,372,3,16574,58309,1
28890,24,19.6,100404,440,4,46279,32043,0
23299,60,10.1,109906,561,4,17719,38635,0
44585,60,7.7,116019,639,5,8181,18779,0
44689,48,16.8,81944,607,2,45763,20155,0
43557,48,14.9,98002,544,4,44066,45978,0
45020,48,12.5,48803,814,5,49530,38132,0
3693,36,13.3,38230,636,2,20213,28851,0
30467,36,15.8,37862,375,3,6380,20366,0
30723,48,8.4,63355,474,3,615,33408,0
47699,48,19.9,51259,408,1,463,11571,1
4627,48,19.6,119075,482,5,31973,54731,1
26939,60,14.8,107445,491,2,9158,19017,0
49925,36,8.0,50795,364,4,20651,44236,0
43941,60,15.2,28770,773,3,3158,9150,0
22834,60,6.1,31093,399,2,20008,50833,0
19047,48,5.5,66571,843,5,46202,24423,0
27105,48,8.9,20193,427,1,4938,9137,0
11230,24,11.9,37569,751,3,38185,34992,0
16707,24,18.0,31190,668,2,22388,50004,0
22976,60,15.9,82824,342,2,8881,33902,0
45262,36,16.1,62752,718,2,5603,54604,0
24776,48,11.4,52327,787,5,34980,49921,0
31080,48,10.2,62070,377,5,22504,18833,0
2306,60,10.6,105925,569,5,16766,6381,0
7776,24,19.8,60197,614,4,28386,13154,0
28251,36,5.6,22261,467,2,11695,39235,0
10474,24,18.0,113905,638,3,17796,18439,0
41294,24,13.7,46512,492,5,42543,24122,1
22959,24,11.6,26716,752,5,14559,28956,0
6530,24,15.9,106795,582,2,38914,22264,0
30320,48,12.3,48933,635,5,33139,49774,0
4748,48,18.1,24378,689,4,38333,8149,1
32968,24,18.5,60583,824,4,8802,29660,1
33562,36,11.3,105371,539,5,8307,45660,0
14545,60,9.2,49033,782,2,40205,25528,1
1663,36,13.9,44000,757,2,33214,53904,0
35766,36,18.7,95868,388,2,34159,6168,0
8994,36,8.2,62604,394,1,11516,50124,0
29021,24,14.3,88336,751,5,29086,40897,0
31303,48,14.5,115074,727,2,48222,20032,1
4304,36,16.0,115655,450,4,30480,57797,0
47576,24,7.0,93869,813,3,44659,40294,1
40353,36,15.7,25410,675,3,47766,48827,0
18675,36,18.6,103375,321,2,38737,8516,0
45417,24,7.7,76044,612,3,9265,24751,0
24938,48,8.6,83315,818,3,48629,35373,0
24664,48,19.6,116055,505,1,5454,35270,0
2636,60,7.7,91344,674,4,35918,15386,0
21080,24,17.8,26796,750,4,26181,41323,1
28728,60,12.4,106716,478,1,15386,53780,0
27736,60,8.7,74245,509,1,39182,19157,0
29673,60,18.1,63056,799,3,37425,42879,0
38505,48,11.7,37709,763,5,43254,44520,0
48323,24,12.7,78557,423,3,24327,54597,1
47645,60,10.4,37543,412,1,21181,44132,0
1854,24,13.9,57418,311,4,47662,8626,0
25548,24,7.5,114611,425,3,21452,25400,0
39623,48,10.9,116038,630,5,38248,41643,0
8392,60,19.5,36724,582,3,40801,43265,0
47717,60,8.9,23828,439,2,33751,20979,0
22556,24,14.9,37087,700,3,21991,16529,0
39559,36,9.9,32605,396,1,41311,21645,0
27309,48,16.6,51337,816,4,9916,31424,0
22919,48,7.0,25482,368,4,10143,59144,0
5931,48,19.5,85333,417,1,25855,18382,0
33970,48,11.8,112541,358,2,15581,9025,0
45215,60,8.5,108296,332,1,1907,48226,0
13688,60,6.1,70952,617,3,29424,18844,0
26342,36,7.5,25463,349,1,23308,58374,1
38157,48,12.8,90448,788,1,41984,9175,0
3327,48,10.1,24648,318,2,41505,35519,0
41772,24,17.4,53623,496,3,46525,14174,1
41545,60,11.5,79156,749,5,36942,8443,0
1197,48,8.7,55634,751,5,26957,26395,0
24509,36,14.3,64602,588,4,25464,15725,0
35698,36,15.6,69334,440,1,48476,38461,0
45542,60,7.5,88648,383,4,23649,46115,0
16087,36,7.5,42054,690,2,42065,49548,0
23671,36,5.6,90028,514,5,27125,36351,1
26184,60,16.0,42207,825,1,34758,23196,0
28848,48,15.0,100650,514,2,5596,51609,0
43107,48,12.1,119821,702,2,16374,19254,0
21666,36,17.7,101554,427,1,3775,19021,0
45357,36,17.1,41386,776,2,27388,51136,0
16708,48,13.8,103276,703,1,21029,10724,0
27370,60,18.0,79518,328,1,18445,33690,0
3811,36,8.1,72781,637,3,48474,6407,0
48011,24,6.7,72780,660,4,14645,13032,1
7546,60,9.0,81440,691,2,31105,52340,1
35754,36,5.9,64199,517,2,13668,22794,0
31206,36,13.0,81035,501,3,15960,24881,0
42106,24,19.0,28210,316,3,11357,25756,0
12411,24,5.6,64363,621,3,37203,45162,1
3911,48,6.8,98279,817,5,15804,34416,0
2734,60,11.8,80348,624,5,14626,54703,0
19227,60,19.0,75284,711,5,28132,49354,0
9680,48,9.7,92124,617,1,7951,30752,0
20360,60,12.6,88847,381,2,6449,17926,0
19343,60,5.6,42432,773,4,19065,58484,0
6759,60,7.2,84089,767,1,35967,38765,0
24078,60,19.8,75398,724,2,39536,58228,0
36153,60,19.5,119291,503,2,9130,19390,0
12111,24,5.1,23321,686,3,23824,43867,0
38504,60,19.3,101348,397,3,41401,26939,1
2802,24,14.6,57383,644,1,36993,32307,0
9155,60,18.0,98682,507,3,31875,35828,1
9120,48,11.8,99190,813,2,49748,33513,0
40384,36,12.7,72893,465,3,6054,58204,0
48025,24,12.3,55820,321,5,34273,59455,0
48254,60,15.0,86262,453,3,41821,29502,0
22918,48,7.1,23760,738,2,48517,35063,0
21445,36,5.4,42190,594,1,10832,27486,0
31306,24,9.6,87411,518,4,29670,51277,0
17646,36,15.6,43377,794,3,49112,43258,0
47843,48,8.0,66737,529,2,22852,36692,0
32065,24,15.1,89569,319,4,23620,43384,1
26199,36,19.5,58211,447,4,28307,20958,0
42976,60,6.4,102909,407,5,47551,40016,1
17371,24,15.1,23744,702,4,1551,22232,0
12835,36,11.7,44995,782,2,47922,15748,0
46936,48,18.0,36977,666,2,27812,15514,0
3049,48,7.7,117938,713,3,13799,27738,0
32616,24,15.4,54542,608,3,26312,13695,0
39191,36,17.6,30651,433,3,39620,13070,0
48357,24,19.2,119239,582,4,1449,32765,0
21932,24,15.2,98931,372,4,24426,46662,0
30855,36,12.5,115344,780,5,35427,57777,0
8158,36,14.3,36715,651,3,40277,35761,0
44016,60,18.0,64409,625,1,31551,21698,0
8400,36,13.6,44306,742,5,24277,20123,0
43642,48,5.5,39086,399,1,35489,40144,0
16151,24,19.0,34376,358,4,45212,30616,0
2154,24,15.3,81350,807,5,9637,42146,0
5499,48,15.1,91425,557,5,43258,16182,0
7295,36,8.2,56636,712,2,35693,29833,0
13183,48,14.9,106120,751,4,9824,38342,0
30299,48,10.9,71649,364,4,26950,36331,1
13874,60,14.8,54610,453,5,23488,51098,0
33711,48,6.6,30058,565,4,39008,31128,0
6539,24,14.9,94637,378,5,49664,36556,0
43405,48,20.0,98033,614,2,215,26969,0
49354,24,5.7,90194,547,5,40067,26876,0
3557,24,19.7,96917,713,4,11523,13949,0
39360,24,11.1,84200,324,4,10364,56962,0
17482,36,18.1,66619,583,5,3153,29518,0
3200,60,16.7,37154,748,5,23834,10670,0
47940,24,13.5,39539,600,5,34474,29099,0
3961,24,16.1,80058,367,3,43066,44335,1
47975,36,18.2,82068,306,4,34335,17716,0
22357,24,11.1,97313,436,4,10400,57611,0
12969,48,9.9,119932,463,3,10345,43885,0
3869,48,15.0,50373,382,5,33896,58144,0
47760,60,17.1,53154,719,2,19894,12837,0
29643,24,16.4,26031,372,5,28899,54355,0
25736,36,17.0,113533,536,5,40635,52299,0
39467,48,11.5,91975,345,3,28229,24159,0
24328,36,17.3,42785,561,4,5583,56144,0
26876,36,6.8,98928,475,5,4897,56395,0
22295,48,13.2,48669,465,4,6001,46266,0
4987,36,5.1,114475,669,1,43881,55839,0
23399,48,9.9,22282,353,4,4567,41877,0
47214,36,10.5,54624,718,2,9271,56012,0
34986,48,10.9,68438,806,2,47116,26560,0
21880,24,15.4,109900,640,5,11703,22106,1
5735,60,10.8,87534,426,4,13329,51289,0
45064,48,11.7,51705,708,5,35509,13720,1
5555,48,8.6,58244,666,3,6256,42661,0
42914,60,10.6,94964,570,2,228,54495,0
41818,48,8.4,57437,678,5,24746,33362,0
46525,48,6.1,97872,372,3,16678,33258,1
20830,36,14.1,94878,547,5,37052,26782,0
18429,60,15.0,92982,342,4,46032,46168,0
7893,24,14.3,70583,676,4,46158,26120,0
15373,48,12.0,58392,340,4,23185,24790,0
48333,60,10.7,27461,469,4,33686,32912,0
4436,36,18.0,30516,511,1,11445,52374,1
9754,24,12.8,99285,792,3,33266,47907,1
11677,60,12.2,37514,338,3,2809,55071,0
6895,24,5.4,56268,668,4,37729,59971,1
20738,24,10.1,110486,450,1,41785,39812,0
31746,24,10.7,56788,410,4,36547,54570,0
49404,48,11.0,95749,779,1,42818,55901,0
33352,48,13.7,81049,735,4,34886,55251,0
40790,36,13.0,82493,346,2,6391,41160,1
42919,36,14.1,56027,665,2,145,24156,0
6600,60,16.5,113547,368,5,13929,15672,0
30124,36,17.2,62849,598,4,24326,19444,0
28643,24,15.8,37858,595,3,29991,11784,0
41764,24,19.3,104162,502,5,47685,22929,0
10007,48,5.3,99003,360,2,37333,6070,1
46714,24,7.9,72395,613,4,16576,27906,0
38410,60,5.1,59758,460,5,39405,39618,0
45080,24,14.7,74312,630,4,28464,59205,0
41447,24,18.5,88670,827,2,8243,50158,0
9208,60,8.7,102279,637,5,31601,7939,0
19589,36,18.9,35434,603,2,2410,34841,0
44484,36,5.9,84047,802,1,1820,47863,0
18453,60,19.0,67775,637,2,35289,21301,0
37212,48,10.3,95769,849,4,38650,12194,0
44525,24,6.5,86677,574,3,34635,10851,0
48202,60,12.3,103555,463,2,7465,21378,0
33635,24,8.9,105920,742,3,32439,5678,0
34828,48,9.3,65734,618,1,27314,35640,0
19711,24,9.6,108503,803,5,44229,38756,1
4420,60,17.0,60603,686,5,19583,34777,0
32216,24,13.1,96708,793,3,27155,31183,0
1301,36,9.7,101926,789,5,38871,32445,0
46236,48,14.2,88803,372,2,12197,6502,0
1699,48,15.7,59332,808,3,29511,55941,0
1190,48,9.1,111703,689,4,15424,26665,1
11492,60,11.2,41312,594,2,48821,21198,0
36743,48,6.8,113376,668,2,240,26411,0
7102,36,7.7,104526,848,2,4631,55577,0
20778,60,15.2,64179,486,4,9599,20867,0
27641,36,7.7,91442,744,1,44462,19266,0
35584,24,12.9,60379,662,5,24658,44422,1
33745,24,15.6,37297,422,3,37845,40208,0
24093,24,6.6,22011,487,1,32574,48002,0
1569,24,13.5,64014,719,3,36536,36213,0
39210,36,8.8,31738,551,5,41910,12367,0
35663,60,19.4,114333,848,4,7995,18490,0
37631,60,12.3,67498,634,2,25186,40362,0
46681,48,17.1,31120,391,2,29245,58841,0
8455,36,13.3,28767,829,4,22813,56588,0
5014,24,5.7,42852,362,1,13276,43285,0
12093,36,14.5,99239,811,1,19989,14219,0
19070,48,19.3,20929,438,3,12746,11310,0
36777,48,14.0,97487,484,4,44243,41307,0
17538,36,17.3,111575,504,1,18557,34631,0
11729,36,18.3,115040,513,4,28060,19744,0
35177,36,8.4,37438,555,5,6568,24867,0
46017,60,8.2,68515,434,2,35369,23625,0
1784,24,14.2,25744,387,2,19041,11378,0
28751,36,11.2,103820,506,2,6080,24149,1
41864,36,17.6,62417,428,4,13854,47133,0
41328,36,18.5,27069,302,4,2159,16422,0
13533,48,10.3,62359,420,3,27025,32926,0
41111,48,8.6,39799,684,2,41081,42679,0
40974,60,16.7,118746,337,3,4368,38171,0
6801,24,9.1,113762,640,2,34085,18180,0
20190,60,17.3,90188,320,3,27094,32301,0
39754,24,11.4,109859,541,3,46040,57534,0
30592,48,15.0,27597,754,5,1230,41931,0
11647,48,6.4,67093,602,3,17517,29014,0
9716,48,14.4,57226,368,4,23991,54239,0
24355,60,11.8,92127,428,3,1301,35936,0
23009,36,13.8,111369,495,2,28610,19336,0
25376,36,7.5,97362,439,3,15927,27200,0
46091,48,16.1,46417,743,1,34678,10470,0
5780,36,17.9,38693,582,2,24466,35859,1
3368,36,8.3,99674,611,1,14904,19953,0
13039,60,6.4,73161,834,2,40875,44044,0
7655,24,5.4,22169,576,4,26081,43507,0
41941,48,14.6,104092,360,4,24354,58425,0
5495,48,14.1,42052,618,4,27761,32433,0
11893,60,13.2,91849,351,1,18300,30957,0
26547,60,8.5,93851,452,5,29491,11523,0
23386,36,10.9,28036,610,2,35525,26387,0
14403,48,13.9,51778,843,4,26532,52761,0
33097,24,12.5,47734,688,2,6464,36169,1
14121,60,19.8,43173,847,1,16562,50641,0
11966,24,7.0,50403,476,5,41856,27990,0
34621,24,15.4,86321,661,1,47892,34661,0
29312,48,11.1,91675,613,2,47028,18419,0
23677,48,11.4,26344,396,5,42511,19457,0
32289,60,15.8,38800,512,5,8683,7064,0
32024,48,15.4,45372,436,1,32634,43083,0
43675,48,19.9,81516,305,4,60,15566,0
5777,48,6.9,40538,408,2,9269,38085,1
30749,24,6.6,83918,846,3,23065,36528,0
16338,60,15.9,34973,338,3,2895,55654,0
3491,36,13.7,91155,724,1,15323,11130,1
28236,24,9.1,79500,560,2,12352,45187,0
49096,48,6.2,56575,725,2,44643,7042,0
15599,24,6.3,62261,386,1,49737,9598,0
20508,48,18.4,47716,764,2,38591,47982,0
4051,48,7.9,23236,375,4,30890,37886,0
49747,24,9.9,35848,770,1,32016,38477,0
22606,60,8.4,22352,713,4,11962,53625,0
22699,48,10.3,21932,756,2,33302,57709,0
1876,60,6.0,96449,584,1,19846,33716,0
33093,36,12.8,28556,538,2,4011,17601,0
5142,48,6.0,106836,671,1,19782,41018,0
16202,60,17.0,25498,794,2,2155,13061,0
40734,60,8.5,96118,344,4,39725,13609,0
8079,36,13.1,70098,700,4,9196,40371,0
8987,60,18.2,84386,546,2,43459,49814,0
40567,60,14.8,29569,749,1,21709,22485,0
29940,36,13.0,76882,784,3,13327,25805,0
38233,48,9.9,90393,317,4,35474,12857,0
18019,60,10.0,20340,588,4,32769,16620,0
47185,60,15.0,63949,713,3,41993,13177,0
19077,60,19.9,102302,534,2,24700,35111,0
27258,24,14.9,82443,715,1,14820,28042,1
22136,36,13.4,111668,798,2,10891,23645,0
9311,24,16.0,94027,414,5,34629,29405,0
18214,36,12.0,20138,533,4,5269,16826,0
15098,48,5.9,20358,839,5,43880,18890,1
29251,48,13.4,95250,310,4,48467,21892,0
38945,60,19.4,105376,505,4,8320,56531,0
48030,36,7.6,119931,546,5,49589,58904,0
26945,48,15.4,50654,426,5,10740,51598,0
26316,36,8.0,45879,446,2,35897,14484,0
33217,48,13.0,101532,417,5,30930,10495,0
9308,24,6.5,75778,681,2,17285,33481,1
6949,48,11.8,57772,711,2,14380,16267,1
2150,24,16.3,78478,662,2,11360,57361,1
24944,48,10.2,84353,808,4,5398,45166,0
35699,60,15.0,46762,436,4,5529,11743,0
10204,24,16.9,33283,474,5,29062,59800,0
2081,48,18.9,83922,588,4,36686,42939,0
30305,60,8.5,59420,780,5,17451,53773,0
17896,24,11.0,75568,318,4,49178,54476,0
47175,60,7.3,105090,494,1,6937,31569,0
8805,36,19.9,40219,629,1,39886,33552,0
6237,36,18.9,77169,474,5,49699,50772,0
21056,24,13.1,94965,748,4,10860,48730,0
46543,48,17.6,66840,653,4,25142,33948,0
46952,24,12.8,64695,798,2,25279,15775,0
4343,60,14.4,104754,440,3,38106,8557,0
14500,48,6.3,97988,392,5,45240,8587,0
30375,36,16.3,78342,538,3,35908,21535,0
10662,48,6.9,38951,504,3,40764,5954,0
17964,36,17.4,21307,732,5,48257,51562,0
48893,48,16.7,100388,544,4,14201,58506,0
9130,48,15.6,110768,616,5,40544,28544,0
20531,48,5.5,55428,594,3,37711,38455,0
2679,60,9.5,112021,581,4,45654,46269,1
4506,60,8.9,95774,316,1,8997,20138,0
14284,24,10.4,58975,370,5,40566,47462,1
8253,24,6.3,21140,568,5,20175,8127,0
20128,36,19.1,44842,624,4,40860,28147,0
28932,60,13.3,46421,604,1,3225,50528,1
10435,36,9.6,21708,750,1,44578,16559,0
45078,24,11.0,23630,306,4,47682,52564,0
14296,36,11.7,39595,613,2,35228,8395,0
31445,24,14.0,96021,402,5,41505,30389,0
14245,60,12.7,48308,492,5,46688,5845,1
30124,48,18.8,64789,828,3,23110,38932,0
30899,60,12.5,75690,470,4,10754,50722,0
44919,36,19.9,46086,836,3,26655,43672,0
44225,36,17.8,36859,550,3,43601,18731,0
36247,60,8.1,27684,686,1,3114,59512,0
30222,60,19.0,111088,506,5,26502,38122,0
27211,24,6.7,21207,840,3,49768,56024,0
38220,36,17.3,66099,715,1,48128,56176,0
27646,36,10.7,87496,679,4,20028,40585,0
39649,60,18.2,86093,443,3,17587,8832,0
24049,48,18.0,49689,324,5,42719,37332,0
15069,36,17.1,68651,372,3,35333,17467,0
33580,48,16.9,33893,392,4,3174,46025,0
32843,60,9.6,117808,804,3,35398,18107,0
3849,60,6.2,86418,635,5,35929,17458,1
41158,24,11.0,80011,724,1,4321,33666,0
24289,36,7.6,58635,798,5,30435,48481,1
45690,48,15.4,76115,663,1,45972,7581,0
36257,24,10.2,115071,498,2,7099,14582,0
10823,36,19.6,98405,712,5,23760,56638,0
42975,24,14.6,92702,638,5,11360,13418,1
10540,60,17.3,98518,728,4,10313,33091,0
17364,36,7.0,92805,438,3,46270,34113,1
5611,24,17.9,78954,841,1,20462,23827,1
28663,24,18.8,48064,356,1,5801,19419,0
39646,48,12.3,99063,531,4,14130,16814,0
31977,24,14.1,22454,734,4,14271,38804,0
30168,36,16.5,40878,683,3,16075,15024,0
26471,36,7.6,71098,493,3,36919,48700,0
23687,48,12.5,82154,833,5,41679,12435,0
1851,36,11.0,32991,817,2,18984,6548,0
19071,60,7.2,88344,484,3,22559,10065,0
7833,36,10.5,56593,591,4,12861,27880,0
12938,36,6.0,56304,634,3,33434,58109,0
36195,24,5.4,50386,415,1,16667,8407,0
27144,24,7.0,75220,348,2,5840,38407,0
5000,36,19.4,89338,381,5,3565,37940,0
6052,48,13.2,114289,632,1,43194,10666,0
36506,24,19.5,41083,634,1,20977,42122,0
29074,48,11.5,38354,831,2,21118,58111,0
39155,36,9.7,42190,520,5,22641,30092,0
41770,36,12.6,26142,622,4,7366,15109,0
33320,60,11.6,48398,302,5,26636,40654,0
39304,24,6.6,71971,505,3,15630,39932,1
47247,36,14.6,61862,339,1,20056,31505,0
4913,60,8.2,118668,358,3,7382,41713,0
18450,24,14.3,73410,806,4,16149,59387,0
25107,36,14.8,39503,421,3,48639,48169,0
21764,36,7.3,68456,778,5,46041,12746,0
44404,24,5.9,102035,395,3,992,16975,0
21491,24,16.7,28016,713,4,6858,56742,0
39494,24,11.9,22384,534,4,2121,45522,0
4373,36,5.9,82320,361,4,27160,20596,0
13161,36,19.9,35072,555,5,45156,59086,0
32996,60,5.9,100018,647,4,20906,58228,1
28122,48,15.4,60510,423,1,19572,42953,0
35850,24,19.8,68933,781,4,4136,38861,0
28350,36,8.6,41826,616,3,16727,8880,0
28472,36,7.1,88026,803,3,32167,48454,0
29761,24,6.8,45518,347,3,45421,48539,0
26351,48,9.5,44045,708,5,15479,48448,0
24132,24,6.5,70876,435,3,31376,7785,0
16305,48,15.4,112446,500,5,4823,27449,0
10817,36,5.9,110102,549,5,4920,19799,0
12261,48,12.6,71919,613,4,19585,54048,0
1417,60,20.0,119441,667,1,38239,44307,0
42576,36,17.2,47103,728,4,17272,55726,0
21358,60,14.2,56188,779,4,26619,53784,0
4267,24,9.6,25845,613,5,9533,59828,0
18209,24,14.4,106698,799,5,39895,52498,0
25052,24,12.9,56674,654,3,3720,48333,0
39513,48,11.4,39337,784,3,19267,45828,0
27092,36,7.0,42313,510,4,15696,8990,0
12338,24,18.3,46943,343,2,29968,59362,0
1412,24,11.7,97949,840,2,23345,58997,0
8543,36,7.9,20276,391,3,25693,55341,1
41355,24,10.5,71151,564,2,19385,24073,0
34496,60,11.2,37611,519,3,18122,41863,0
24548,36,17.4,31944,741,5,1364,19549,0
28384,36,16.0,72887,700,4,2708,23259,0
45425,36,16.5,101442,699,1,12982,24790,0
39756,60,5.2,69847,789,4,17308,14979,0
19888,36,11.2,78653,784,3,32919,25316,1
36735,60,12.2,106072,769,3,25161,31183,1
48295,36,5.3,76622,744,4,35089,33324,0
49816,48,8.9,47810,568,3,13865,29624,0
18506,24,16.4,97842,566,2,495,43176,1
21463,48,7.1,30503,353,2,44755,25245,0
18955,24,13.0,104761,827,3,2148,51705,0
38841,60,8.2,56976,819,3,33324,28790,0
6104,48,5.2,31590,358,2,13393,31756,0
35911,36,8.6,30886,339,3,1552,7833,0
24190,24,19.6,32866,536,3,35853,10285,0
8357,24,17.0,86624,685,4,32924,14589,0
33479,48,19.4,88899,599,1,8926,52476,0
45811,60,12.3,52792,694,2,30851,19116,0
37208,48,6.6,29764,506,4,23889,12645,0
21150,60,13.2,106156,635,1,39930,49786,0
6644,60,11.8,62727,813,3,8055,34150,0
44286,24,17.7,98471,477,3,4654,15889,0
48320,48,6.5,28068,695,4,22634,35286,1
3914,48,12.3,27295,670,3,32363,42545,1
22352,60,7.3,61160,617,5,11468,20994,0
47352,48,9.9,31390,668,4,32922,40503,0
45912,36,16.1,40131,683,1,40718,51379,0
15397,36,12.1,114754,361,4,48091,29662,0
42555,48,10.6,95969,804,2,17380,44136,1
47959,48,10.9,35038,538,4,26870,31639,1
1728,60,11.9,72327,494,3,37394,22205,0
1698,36,16.8,113718,521,3,14259,37930,0
40954,36,18.4,97064,360,5,14873,12777,0
48280,24,19.3,41281,428,5,13016,33315,0
14923,60,16.8,74189,455,5,42137,52617,0
17779,24,9.7,68511,677,1,153,31973,0
8400,36,15.3,28605,736,5,7853,23316,0
25466,60,11.6,21381,506,1,12379,32304,0
37939,48,8.8,86634,687,5,15792,41303,0
5360,60,17.6,39810,779,1,38367,35522,0
36270,48,5.6,44322,639,4,18100,27340,0
18101,48,18.5,61869,639,4,47553,24830,0
33307,60,11.9,52955,503,3,11049,18403,0
6486,48,14.6,81388,460,1,786,19516,0
9335,24,14.9,30207,839,2,4368,56942,1
22364,36,18.4,107329,691,3,30699,24091,0
38259,48,14.6,87628,833,4,47691,12959,0
24576,24,14.2,48220,369,1,37040,36932,0
32667,48,6.0,104050,704,5,27454,35554,0
12130,36,12.8,94085,816,2,38762,41701,1
22972,24,7.3,42031,419,4,23600,8385,0
41419,36,16.1,90721,516,3,29238,38690,1
2167,36,12.7,100807,355,1,25241,15367,0
28192,24,15.2,91312,665,2,19810,51505,1
2062,24,5.6,79766,803,1,20167,38332,0
19540,24,6.3,32449,754,5,21811,24642,1
25244,60,15.7,109833,403,3,39779,15789,0
22545,24,6.1,76699,376,1,20085,40268,0
22689,24,6.1,101253,529,4,46854,25950,0
12174,24,5.2,66092,557,3,9261,30563,1
23925,24,19.3,83671,563,4,18733,44649,0
38497,48,16.1,30350,630,1,39779,41404,0
10348,60,10.3,116158,481,3,29079,37991,1
24714,36,9.4,88487,849,4,33980,44065,0
39102,24,10.2,37622,326,5,14141,52663,0
9924,48,16.6,90263,575,5,9344,5350,0
38098,48,14.9,73117,598,1,39472,23312,0
25394,48,7.8,78394,390,3,15896,29127,1
7801,36,7.6,43782,779,2,23817,33853,0
38614,24,6.5,48454,757,3,29813,42500,0
7731,60,14.9,87904,750,5,18895,38785,1
49136,60,16.5,35592,664,4,143,23610,0
24625,48,9.0,42173,650,2,10681,28590,0
18337,36,5.3,53204,699,1,7367,34443,0
36307,36,6.2,55596,552,2,3228,52997,0
8056,36,19.5,54324,758,1,4582,12170,0
12516,60,9.4,81202,798,2,13147,18303,1
45261,48,16.5,109400,807,1,11397,11207,0
2542,24,14.4,50750,603,1,38799,17316,0
22677,60,10.7,96112,800,2,37011,40187,0
47732,48,8.1,36566,465,2,13647,11240,0
40081,48,6.8,27190,714,1,27718,6893,1
28569,24,14.2,108607,761,5,44264,18753,1
24322,24,16.6,58333,413,2,42317,43090,0
20065,24,14.7,100905,732,3,47914,16232,0
18924,36,13.0,109571,655,4,19097,22509,0
23556,24,5.6,21589,506,1,36953,8117,0
27962,48,19.5,45235,534,1,45254,41929,0
29295,24,17.0,20159,741,4,40096,53291,0
14807,48,9.4,32145,654,5,49452,9042,0
43348,60,19.7,100909,814,4,17107,42201,0
27432,36,14.0,51921,507,2,3010,31746,0
18749,60,13.7,36237,424,4,5555,19016,0
42459,60,16.2,28244,437,1,67,30022,0
27256,48,17.2,34743,638,4,28412,40426,0
41262,60,14.8,117102,836,3,44953,32938,0
38080,48,6.9,66101,367,2,34305,48678,1
2324,24,10.1,104227,840,4,49549,57635,0
26731,24,18.9,119532,682,1,11549,40712,0
36909,48,8.4,76378,318,2,5680,44978,0
24803,24,10.6,91126,749,1,25739,13787,0
20870,36,11.5,76071,373,5,21209,6986,1
35578,60,11.6,91121,575,3,41515,15942,0
7588,36,14.2,94763,347,5,22432,22458,0
39069,60,19.1,113814,510,3,15116,17161,1
27790,24,8.6,32237,839,4,20045,25689,0
26289,36,6.8,35649,490,2,26327,34163,0
29178,24,8.0,57713,614,4,35709,40775,0
29710,60,18.3,93463,412,3,43617,38737,0
16485,48,14.7,65409,469,3,26905,13772,0
45482,48,9.3,68766,767,3,7067,40592,0
21652,36,17.2,66154,313,1,32559,6211,0
5748,24,17.9,27016,587,2,42919,5229,1
22233,24,17.7,99563,488,4,17985,58436,0
10435,36,18.8,68688,454,4,27369,53542,0
4709,48,8.8,109678,770,5,17864,19345,0
31355,60,16.3,74238,374,3,22614,40953,0
14116,36,11.9,78608,576,3,47894,36819,0
26470,60,17.6,109081,642,3,15613,52779,1
43344,48,15.9,51897,724,4,6447,21885,0
43918,24,16.6,70961,810,5,5499,31708,0
40298,48,14.8,88703,481,1,39041,5048,0
43956,36,7.7,64757,757,2,31315,24950,0
15683,24,13.2,46917,363,1,1299,20173,1
1504,36,19.8,42736,559,4,39469,57207,0
34982,36,19.1,47990,492,3,4994,54538,1
35299,48,5.6,82551,705,2,29878,38737,0
29016,36,7.5,78161,392,4,15627,33036,0
24960,48,7.0,99623,729,4,7489,52321,0
34591,24,15.9,42440,733,4,26111,10820,0
18312,48,17.3,55205,703,2,32355,19292,0
38797,24,8.2,100811,733,2,8269,8052,0
47196,48,12.6,75103,411,5,2831,49377,0
3105,60,17.6,90812,674,5,44370,28781,0
37395,60,16.0,61627,358,1,11819,7302,0
46740,36,13.1,39008,342,2,24813,7283,0
23700,48,13.9,91274,506,2,21637,53153,1
35620,48,12.6,52402,595,2,1996,47567,0
38678,24,9.5,73384,417,5,44387,20620,0
21559,36,13.5,25793,831,4,49429,35461,0
28509,48,15.3,25571,521,3,3089,25750,0
28860,36,18.1,116867,465,5,33291,37890,0
12003,60,14.5,36209,455,2,20659,28183,0
22732,48,16.4,110930,483,5,45178,14472,0
26826,48,7.4,63148,389,1,30429,8727,1
31354,36,11.9,111218,393,2,15732,51500,0
14843,48,5.1,22224,312,1,19506,30523,0
45472,36,8.7,68695,737,2,40935,35766,0
49529,48,15.9,52441,837,5,5190,42726,0
7190,24,19.9,59129,449,4,4575,5524,0
18640,36,6.5,82368,307,3,40495,14079,0
39413,48,11.0,112122,328,1,48146,13399,0
43356,60,17.0,64760,595,5,34565,32370,0
45597,48,8.1,43478,639,4,34899,21532,0
41821,60,13.3,91854,738,5,23706,21821,0
4330,60,16.0,114230,443,1,47668,48162,0
20087,24,14.2,105716,818,3,22884,8749,0
42430,36,7.8,32180,344,5,17199,16353,1
25504,48,10.3,118538,538,2,44100,51777,1
8114,24,16.8,35372,454,4,39434,33477,0
14323,48,13.3,49796,480,5,49294,29570,0
35121,60,5.1,78272,514,4,12479,25837,0
11975,36,16.4,109963,387,2,34178,16437,0
12023,48,5.5,118826,555,3,12665,43104,0
22447,48,16.2,113635,810,3,534,9551,0
25933,60,8.0,74040,372,2,26292,7823,0
24959,48,19.4,95357,478,4,36132,59880,0
1667,48,10.5,91368,511,5,36110,17916,0
30703,60,9.9,98356,533,2,22469,20167,1
10337,24,7.2,36211,764,1,46233,46445,0
47427,60,9.6,25842,522,4,37268,52636,0
37487,24,18.1,83115,563,3,1172,13391,0
20129,36,19.9,86852,506,2,27914,17658,0
41251,24,10.5,65968,665,3,20901,34685,0
32921,24,11.7,37508,575,4,40775,56134,0
34307,36,15.8,42005,679,3,34409,28380,1
28355,24,18.3,74575,608,2,49623,47431,0
38732,60,13.9,100742,567,4,19324,33919,0
5835,24,10.9,38971,363,1,8738,7311,0
21159,36,11.2,45599,649,2,37494,44993,0
39810,60,15.4,107592,793,5,44557,49333,0
48605,36,5.0,86914,822,2,24054,48038,1
41080,36,14.3,87055,397,4,29709,18560,1
39088,48,10.3,107697,370,2,43785,54756,0
14216,48,16.9,25355,663,1,20107,53733,0
36547,36,6.4,74120,575,1,363,43553,0
32471,36,13.8,94619,349,5,10358,30993,0
18308,36,12.2,58342,657,3,36077,35492,1
28532,48,14.6,105992,784,4,49697,25981,0
35349,48,6.0,98860,383,4,3240,29143,0
46445,24,13.7,22257,595,3,6665,17067,0
6713,24,13.4,47364,535,1,45689,28916,0
5804,36,13.4,44972,355,1,1936,46508,1
11136,60,14.1,46654,659,2,46736,51421,0
1009,60,15.1,100769,409,5,25538,54990,0
20255,48,17.1,101423,491,5,43965,8815,0
24793,48,9.0,49320,392,5,11998,36836,0
30548,48,17.4,40808,359,2,882,54999,0
38892,36,12.5,72389,338,5,20224,42477,0
2015,60,6.2,115690,839,3,39691,42275,0
28712,24,5.9,54773,348,2,46476,44343,0
35961,36,10.0,71168,719,3,30825,9773,0
9415,24,16.8,47747,312,2,5204,17446,0
47318,24,15.6,96396,335,5,28885,35733,0
48280,36,16.8,103692,400,3,40056,58620,0
24833,24,12.8,77505,385,3,3203,15464,0
5158,60,11.6,105896,815,3,2244,53632,0
21309,24,7.2,38135,522,2,32786,26576,0
7970,60,9.9,110887,637,4,49793,8320,0
7938,60,11.5,116035,465,5,3083,15750,1
22168,60,6.3,67377,682,3,21584,42466,0
47540,48,8.3,43554,675,4,8521,58463,0
21384,24,14.0,82491,770,5,33541,31572,0
19017,36,16.0,75621,330,5,29063,57825,0
11344,36,20.0,78283,674,3,4732,22948,0
41034,24,19.0,105140,310,3,27518,55992,0
9702,48,14.6,36923,601,2,39563,43826,0
1384,48,11.3,67591,395,4,39752,28515,0
1404,60,14.5,82261,489,4,29697,32867,0
41943,24,16.8,74336,752,3,2567,5726,0
48926,24,6.8,94083,491,5,16121,30820,0
30189,36,11.1,80948,785,3,1674,11697,0
13763,24,17.6,53002,565,5,10875,49678,0
19384,48,10.8,100098,723,5,44340,47025,1
33606,24,13.6,93016,427,3,739,17963,0
10860,36,13.8,46672,537,1,1545,54434,0
39757,60,7.8,24213,654,4,29140,6081,1
16106,36,10.4,30293,411,5,9327,25269,0
24574,36,10.0,119977,745,5,5127,57033,0
24524,60,5.4,75860,642,1,23331,15776,0
4636,36,5.4,82507,444,2,23004,36816,1
11916,36,17.5,77134,364,1,41833,19196,1
5809,24,9.1,22100,546,1,10492,57122,0
33201,24,12.8,81997,789,5,13749,47112,0
14456,60,9.5,48172,738,4,23508,20958,0
49212,24,19.1,40132,405,1,9045,28369,0
39765,24,8.9,38199,480,2,20116,16689,0
35816,36,11.4,56609,483,3,18667,22331,0
46106,48,18.1,62965,525,1,9521,42528,0
18100,24,17.6,28016,388,1,8669,18436,0
22949,48,7.8,59779,829,2,27302,5066,0
5544,24,17.0,51881,670,4,11283,35725,0
38744,24,11.9,102594,698,1,30935,30212,0
46543,60,12.2,44472,405,1,6998,38332,1
43783,60,7.0,71813,570,4,28806,30401,0
27657,60,6.2,56021,802,2,31624,18393,0
37187,48,15.9,74131,824,1,13440,8670,0
48198,36,12.4,44087,331,4,45465,30601,0
8239,24,11.6,32828,692,1,46501,7251,1
15489,24,15.9,81610,339,3,21797,50717,0
44125,24,16.5,116664,517,5,1269,38572,0
29538,48,7.4,21401,381,3,7868,32027,0
33049,60,14.2,105179,500,1,30251,36846,0
38131,36,7.0,35193,746,2,12373,26015,0
43944,48,16.3,112389,727,5,18987,14583,0
9427,60,14.9,64864,337,3,38729,55387,0
42348,48,19.3,40307,510,4,15734,28104,0
25285,36,6.0,39611,743,2,42429,17224,0
38626,60,5.9,63791,626,3,41337,43784,1
43808,48,9.2,31950,526,4,40325,35836,0
23928,36,8.9,96240,347,1,18064,34299,1
20198,24,8.7,97403,317,4,8433,18036,0
20758,36,18.6,22745,738,3,48421,24933,0
16254,24,8.7,75243,486,3,9111,17392,0
45238,48,9.1,23866,644,1,38450,12938,0
2252,60,16.4,52245,523,4,48247,9141,0
40764,60,11.7,64724,787,4,15047,28350,0
13173,48,16.7,91354,528,1,8084,14546,0
38441,60,6.0,71374,689,4,21751,10335,0
27698,60,12.3,50116,487,1,16453,10077,0
16781,24,5.5,101029,569,2,20308,51015,0
14051,48,5.9,113574,609,3,38968,10611,0
40649,36,18.6,40447,431,2,30077,45857,0
7949,24,7.1,50431,371,5,43046,40660,0
43289,48,13.0,37908,486,5,34775,10577,0
9017,24,11.2,49336,785,5,48570,25002,0
7941,36,10.2,60992,490,1,46097,55711,0
26934,36,18.5,75350,721,4,24503,44451,0
24386,48,5.3,89561,419,2,2779,39275,0
11209,36,15.0,71955,519,2,21304,54103,0
18715,24,19.5,81240,352,2,755,33647,0
29920,36,13.4,40093,750,2,39263,39831,0
32703,24,19.1,26155,711,5,42955,57794,0
43318,24,5.8,66607,536,2,42281,39768,0
5637,36,11.3,53487,705,4,17400,35962,0
5854,48,8.9,75668,721,5,40115,53334,0
44088,60,16.0,40963,546,2,14249,34583,1
38660,36,19.7,70124,371,1,47647,6294,0
40811,24,8.8,72870,484,3,46825,20096,0
20856,24,14.8,76547,305,3,44825,41833,0
22833,36,8.0,84110,505,3,24600,51858,0
20963,48,13.5,73554,843,5,37706,32328,0
37932,48,12.0,40936,686,2,19222,29398,0
28169,24,19.6,24426,375,5,33505,55755,1
8941,24,14.1,108839,476,4,38968,22706,0
15388,48,10.2,47606,648,1,41139,27340,0
6569,60,6.7,67832,554,1,49383,23825,1
5300,36,7.3,48151,607,3,41302,22482,1
40037,24,8.4,99303,644,3,29148,59225,0
37586,24,8.8,31308,426,3,22302,14318,1
13015,48,17.8,82522,586,2,2623,46256,0
46002,36,13.4,65671,786,4,8646,49009,1
7254,48,12.9,110306,682,4,13543,48185,0
18144,36,6.7,114108,705,4,28960,20574,0
25214,36,17.9,22204,687,4,22785,53070,0
41118,36,15.8,112769,824,3,12817,19650,0
16183,24,6.0,107265,575,1,31406,51118,0
7238,60,15.6,51131,799,3,23456,33930,0
7090,48,13.2,72428,636,4,23777,25171,0
12637,60,6.2,53870,780,3,20914,39864,0
23415,48,11.9,69067,572,4,29553,16801,0
25071,36,12.3,78585,357,5,23548,56360,0
46415,24,7.5,41607,627,1,37265,27372,0
43679,60,19.2,44968,408,5,40701,21559,0
42240,24,17.7,118934,578,2,6727,37334,1
19271,48,15.0,31908,627,3,44924,44937,0
37034,24,11.9,46423,614,2,32427,18288,0
34434,24,11.2,94707,773,3,16692,27398,0
5188,60,14.8,98257,410,5,31625,15694,0
11161,36,13.2,81215,528,4,24918,17191,0
29732,24,5.9,75835,796,4,41395,23051,0
12314,36,12.7,69429,455,3,41136,15737,0
24954,48,17.1,102152,772,4,49290,30251,0
22508,24,11.9,58458,571,5,49345,55975,0
22969,60,5.8,66169,301,4,15577,10147,0
46659,48,16.8,27659,810,5,19619,55508,1
38545,48,8.0,80614,585,2,46240,57224,0
37668,60,8.9,97240,312,5,33710,24643,0
24061,24,7.5,52793,797,1,37388,43967,0
14716,24,10.0,66473,537,1,16195,38314,0
40749,48,16.4,116762,393,1,27689,42999,0
40144,24,12.8,109388,637,3,11154,45733,0
17907,36,8.1,117618,470,3,39121,23467,1
19777,60,18.2,108330,766,3,29412,39808,0
28693,36,18.2,75751,442,5,21341,58686,0
43928,24,18.1,98915,500,3,32018,6752,0
27329,48,8.6,74254,479,2,9145,6849,0
47892,60,11.8,27006,663,1,42262,7642,0
17282,24,19.8,94218,778,5,46330,6600,0
24624,24,16.6,85344,770,1,22223,51719,0
24321,48,5.4,53840,683,3,2880,25786,0
11488,48,6.0,52430,716,5,21271,49565,0
23574,36,12.0,43091,607,4,33313,25183,0
6240,60,18.6,52983,666,2,46900,54770,0
44221,60,13.1,43989,300,3,13304,6132,0
11478,48,12.5,95451,343,3,34695,43259,0
46162,36,6.6,38990,397,2,30225,36076,0
20262,60,14.9,110270,564,2,20536,43563,0
5432,48,17.3,100360,439,4,30831,31691,0
30721,24,10.7,56081,780,3,49156,48299,0
14568,60,16.6,31033,536,3,11673,15931,0
15178,36,19.5,36241,371,1,21917,12633,0
23195,36,8.1,25939,489,5,27829,55639,0
1302,36,12.8,67562,567,5,15372,42777,0
18022,24,9.3,55063,620,1,25938,39881,0
1055,60,16.9,96721,406,5,2663,6044,0
46781,60,13.7,47045,531,2,47801,51691,1
9717,24,14.5,64769,341,5,9465,40199,0
29699,60,17.0,67118,438,5,3326,29363,0
9150,24,10.9,104703,572,1,3659,51694,1
3125,24,18.7,41625,780,4,27594,6582,0
45247,24,13.0,47076,715,5,4763,19374,0
49513,36,7.4,84805,805,5,23121,6308,0
17748,60,15.4,64605,723,4,10828,26301,0
40577,24,16.9,104565,706,1,47588,13793,1
5621,60,9.8,108509,689,4,11221,6620,0
16034,36,17.9,59121,641,1,11211,34883,0
47391,24,18.6,85101,792,2,13569,42534,0
6126,48,9.2,51433,491,1,31358,59514,0
6122,36,19.8,63309,798,2,37860,42960,0
19030,48,7.1,87468,532,2,6022,44390,0
18302,60,8.0,64254,526,1,45337,11093,0
20181,60,7.8,87293,670,3,13515,54252,0
39638,36,18.4,116258,438,1,6159,27259,0
2531,60,14.8,57853,448,5,45991,25655,0
41940,48,7.3,58405,414,5,41213,38005,0
41441,24,11.6,86652,749,3,21691,36629,0
24333,24,14.2,63527,362,2,24904,28610,0
40650,24,6.3,97227,403,3,43790,26602,1
35674,36,18.2,20492,572,5,3044,25409,0
36854,60,17.1,113418,305,3,9612,16110,0
47271,48,12.6,28811,446,1,5636,11073,0
9152,60,19.5,113344,483,3,11593,40310,1
39518,60,11.3,44272,327,2,48947,20282,0
46540,60,19.8,113935,849,1,2892,15195,0
11267,24,15.0,92010,418,4,21672,6537,0
26289,48,14.5,112492,592,5,5812,22138,1
2062,48,7.5,67153,670,5,31085,49328,0
30926,60,18.2,74110,543,3,654,51202,0
7229,24,11.4,33979,517,1,17143,45164,1
48915,24,7.4,48328,476,4,1798,29207,0
5632,48,5.2,32867,598,1,37927,59659,0
40056,24,13.4,79234,357,5,29087,25619,0
4596,24,12.9,45851,568,1,11618,54692,1
45243,24,15.8,51279,607,4,8446,59662,0
7168,36,18.4,116063,587,3,21646,29845,1
43563,60,6.2,93402,404,2,36591,29310,0
8561,48,16.0,35449,527,1,48867,42899,0
9258,48,7.8,96221,546,2,27200,35562,1
17616,36,17.9,109080,793,5,29571,33036,0
27734,60,17.3,25451,382,3,22538,13697,0
7371,48,13.1,107178,485,3,40555,22513,0
27069,24,15.7,61316,551,1,43964,48039,0
15369,48,9.7,83064,654,3,20900,8145,0
13910,24,12.1,83761,509,1,22356,32818,0
8943,36,17.3,58870,746,1,23023,35544,0
13199,24,11.9,116566,759,2,39148,18100,0
16728,48,10.4,50873,771,3,17392,25104,0
24275,48,12.4,78627,669,1,20698,9067,1
7738,48,17.4,86155,791,2,42470,41963,0
16913,36,10.0,119186,436,4,26535,35728,0
36240,36,7.6,45372,666,2,35450,37317,0
20123,60,15.7,23642,483,2,33757,36416,0
49447,48,17.4,48001,586,1,12476,47012,0
35529,24,6.5,54064,771,5,41214,45049,0
11167,36,8.6,114826,674,5,4711,7509,1
11554,48,7.1,34122,836,5,6479,26400,1
18260,48,10.2,44820,810,2,31390,53270,0
48045,36,11.8,88431,549,1,13161,11533,1
4812,60,16.2,75745,809,3,32152,58879,0
29024,36,14.8,70081,372,2,14635,54833,0
28285,36,14.3,90902,581,2,40843,19670,1
27900,24,10.3,28711,659,1,30297,8932,0
2605,24,17.6,105132,309,4,20836,52363,0
6622,60,12.1,38793,510,2,24831,50809,0
7767,48,19.7,28199,451,4,1007,43328,0
28139,36,14.5,96253,304,4,26331,41784,0
12613,60,6.9,56191,494,5,40456,28723,0
11589,24,15.1,30211,582,1,10763,5719,1
14918,36,9.9,83069,763,4,3908,5074,0
21119,48,15.3,108896,412,1,27573,31498,0
